<?xml version="1.0" encoding="utf-8"?>
<!DOCTYPE install SYSTEM "http://dev.joomla.org/xml/1.5/component-install.dtd">
<install type="component" version="1.5.0">
    <name>eXtplorer</name>
    <creationDate>03.07.2007</creationDate>
    <author>soeren, QuiX Project</author>
    <copyright>Soeren Eberhardt-Biermann, QuiX Project</copyright>
    <authorEmail>soeren@virtuemart.net</authorEmail>
    <authorUrl>http://joomlacode.org/gf/project/joomlaxplorer/</authorUrl>
    <version>2.0.0 beta3</version>
    <description><![CDATA[
	<div align="left"><img src="components/com_extplorer/images/logo.gif" alt="joomlaXplorer Logo" /></div>
	<h2>Successfully installed joomlaXplorer&nbsp;</h2>
	joomlaXplorer is a powerful File- and FTP Manager script. 
	<br/>It allows 
	  <ul><li>Browsing Directories & Files,</li>
	  <li>Editing, Copying, Moving and Deleting files,</li>
	  <li>Searching, Uploading and Downloading files,</li>
	  <li>Creating new Files and Directories,</li>
	  <li>Creating and Extracting Archives with Files and Directories,</li>
	  <li>Changing file permissions (chmod)</li></ul><br/>and much more.<br/><br/>
	  <strong>By default restricted to Superadministrators!</strong>
	]]></description>
    <files>
        <filename>configuration.jx.php</filename>
        <filename>extplorer.php</filename>
        <filename>extplorer.init.php</filename>
        <filename>extplorer.list.php</filename>
    </files>
    <install/>
    <uninstall/>	
    <installfile>install.extplorer.php</installfile>
    <administration>
        <menu>eXtplorer</menu>
        <files>
		<filename>CHANGELOG.txt</filename>
		<filename>LICENSE</filename>
		<filename>README.txt</filename>
		<filename>admin.extplorer.php</filename>
		<filename>application.php</filename>
		<filename>config/.htaccess</filename>
		<filename>config/.htusers.php</filename>
		<filename>config/conf.php</filename>
		<filename>config/index.html</filename>
		<filename>config/mimes.php</filename>
		<filename>eXtplorer.ico</filename>
		<filename>fetchscript.php</filename>
		<filename>ftp_tmp/index.html</filename>
		<filename>images/_.gif</filename>
		<filename>images/_admin.gif</filename>
		<filename>images/_arrowdown.gif</filename>
		<filename>images/_arrowup.gif</filename>
		<filename>images/_extract.png</filename>
		<filename>images/_home.gif</filename>
		<filename>images/_rename.gif</filename>
		<filename>images/_rename_.gif</filename>
		<filename>images/archive.png</filename>
		<filename>images/bookmark_add.png</filename>
		<filename>images/cancel.png</filename>
		<filename>images/chmod.png</filename>
		<filename>images/document.png</filename>
		<filename>images/documents.png</filename>
		<filename>images/down.png</filename>
		<filename>images/edit.png</filename>
		<filename>images/editcopy.png</filename>
		<filename>images/editdelete.png</filename>
		<filename>images/extract.gif</filename>
		<filename>images/filefind.png</filename>
		<filename>images/filenew.png</filename>
		<filename>images/flash.gif</filename>
		<filename>images/folder.png</filename>
		<filename>images/folder_html.png</filename>
		<filename>images/folder_new.png</filename>
		<filename>images/fonts.png</filename>
		<filename>images/header.gif</filename>
		<filename>images/help.png</filename>
		<filename>images/home.png</filename>
		<filename>images/html.png</filename>
		<filename>images/image.gif</filename>
		<filename>images/image.png</filename>
		<filename>images/index.html</filename>
		<filename>images/indicator.gif</filename>
		<filename>images/info.png</filename>
		<filename>images/java_jar.png</filename>
		<filename>images/joomla_x_icon.png</filename>
		<filename>images/eXtplorer.gif</filename>
		<filename>images/js.gif</filename>
		<filename>images/js.png</filename>
		<filename>images/log_error.png</filename>
		<filename>images/logo.gif</filename>
		<filename>images/logout.png</filename>
		<filename>images/midi.png</filename>
		<filename>images/move.png</filename>
		<filename>images/multimedia.png</filename>
		<filename>images/music.png</filename>
		<filename>images/ooo_calc.png</filename>
		<filename>images/ooo_writer.png</filename>
		<filename>images/pdf.png</filename>
		<filename>images/publish_x.png</filename>
		<filename>images/real.png</filename>
		<filename>images/reload.png</filename>
		<filename>images/remove.png</filename>
		<filename>images/run.png</filename>
		<filename>images/sound.gif</filename>
		<filename>images/source.png</filename>
		<filename>images/source_cpp.png</filename>
		<filename>images/source_css.png</filename>
		<filename>images/source_h.png</filename>
		<filename>images/source_j.png</filename>
		<filename>images/source_java.png</filename>
		<filename>images/source_php.png</filename>
		<filename>images/source_pl.png</filename>
		<filename>images/source_py.png</filename>
		<filename>images/source_s.png</filename>
		<filename>images/spread.gif</filename>
		<filename>images/src.gif</filename>
		<filename>images/systeminfo.gif</filename>
		<filename>images/tar.gif</filename>
		<filename>images/tar.png</filename>
		<filename>images/tgz.gif</filename>
		<filename>images/tgz.png</filename>
		<filename>images/txt.gif</filename>
		<filename>images/txt.png</filename>
		<filename>images/up.png</filename>
		<filename>images/video.gif</filename>
		<filename>images/view.png</filename>
		<filename>images/word.gif</filename>
		<filename>images/zip.gif</filename>
		<filename>include/.htaccess</filename>
		<filename>include/admin.php</filename>
		<filename>include/archive.php</filename>
		<filename>include/bookmarks.php</filename>
		<filename>include/chmod.php</filename>
		<filename>include/copy_move.php</filename>
		<filename>include/delete.php</filename>
		<filename>include/download.php</filename>
		<filename>include/edit.php</filename>
		<filename>include/extract.php</filename>
		<filename>include/footer.php</filename>
		<filename>include/ftp_authentication.php</filename>
		<filename>include/functions.php</filename>
		<filename>include/header.php</filename>
		<filename>include/index.html</filename>
		<filename>include/init.php</filename>
		<filename>include/javascript.php</filename>
		<filename>include/js_admin.php</filename>
		<filename>include/js_admin2.php</filename>
		<filename>include/js_admin3.php</filename>
		<filename>include/list.php</filename>
		<filename>include/login.php</filename>
		<filename>include/mkitem.php</filename>
		<filename>include/rename.php</filename>
		<filename>include/result.class.php</filename>
		<filename>include/search.php</filename>
		<filename>include/system_info.php</filename>
		<filename>include/upload.php</filename>
		<filename>include/users.php</filename>
		<filename>include/view.php</filename>
		<filename>install.extplorer.php</filename>
		<filename>languages/brazilian_portuguese.php</filename>
		<filename>languages/brazilian_portuguese_mimes.php</filename>
		<filename>languages/bulgarian.php</filename>
		<filename>languages/bulgarian_mimes.php</filename>
		<filename>languages/dutch.php</filename>
		<filename>languages/dutch_mimes.php</filename>
		<filename>languages/english.php</filename>
		<filename>languages/english_mimes.php</filename>
		<filename>languages/finnish.php</filename>
		<filename>languages/finnish_mimes.php</filename>
		<filename>languages/french.php</filename>
		<filename>languages/french_mimes.php</filename>
		<filename>languages/german.php</filename>
		<filename>languages/german_mimes.php</filename>
		<filename>languages/germanf.php</filename>
		<filename>languages/germanf_mimes.php</filename>
		<filename>languages/germani.php</filename>
		<filename>languages/germani_mimes.php</filename>
		<filename>languages/greek.php</filename>
		<filename>languages/greek_mimes.php</filename>
		<filename>languages/hungarian.php</filename>
		<filename>languages/hungarian_mimes.php</filename>
		<filename>languages/index.html</filename>
		<filename>languages/islenska.php</filename>
		<filename>languages/islenska_mimes.php</filename>
		<filename>languages/italian.php</filename>
		<filename>languages/italian_mimes.php</filename>
		<filename>languages/portuguese.php</filename>
		<filename>languages/portuguese_mimes.php</filename>
		<filename>languages/russian.php</filename>
		<filename>languages/russian_mimes.php</filename>
		<filename>languages/simplified_chinese.php</filename>
		<filename>languages/simplified_chinese_mimes.php</filename>
		<filename>languages/spanish.php</filename>
		<filename>languages/spanish_mimes.php</filename>
		<filename>languages/traditional_chinese.php</filename>
		<filename>languages/traditional_chinese_mimes.php</filename>
		<filename>languages/turkish.php</filename>
		<filename>languages/turkish_mimes.php</filename>
		<filename>libraries/Archive.php</filename>
		<filename>libraries/Archive/Predicate.php</filename>
		<filename>libraries/Archive/Predicate/And.php</filename>
		<filename>libraries/Archive/Predicate/Current.php</filename>
		<filename>libraries/Archive/Predicate/Custom.php</filename>
		<filename>libraries/Archive/Predicate/Duplicate.php</filename>
		<filename>libraries/Archive/Predicate/Ereg.php</filename>
		<filename>libraries/Archive/Predicate/Eregi.php</filename>
		<filename>libraries/Archive/Predicate/Extension.php</filename>
		<filename>libraries/Archive/Predicate/False.php</filename>
		<filename>libraries/Archive/Predicate/Index.php</filename>
		<filename>libraries/Archive/Predicate/MIME.php</filename>
		<filename>libraries/Archive/Predicate/MaxDepth.php</filename>
		<filename>libraries/Archive/Predicate/MinSize.php</filename>
		<filename>libraries/Archive/Predicate/MinTime.php</filename>
		<filename>libraries/Archive/Predicate/Not.php</filename>
		<filename>libraries/Archive/Predicate/Or.php</filename>
		<filename>libraries/Archive/Predicate/True.php</filename>
		<filename>libraries/Archive/Predicate/index.html</filename>
		<filename>libraries/Archive/Reader.php</filename>
		<filename>libraries/Archive/Reader/Ar.php</filename>
		<filename>libraries/Archive/Reader/Archive.php</filename>
		<filename>libraries/Archive/Reader/Bzip2.php</filename>
		<filename>libraries/Archive/Reader/Cache.php</filename>
		<filename>libraries/Archive/Reader/ChangeName.php</filename>
		<filename>libraries/Archive/Reader/Concat.php</filename>
		<filename>libraries/Archive/Reader/Directory.php</filename>
		<filename>libraries/Archive/Reader/File.php</filename>
		<filename>libraries/Archive/Reader/Filter.php</filename>
		<filename>libraries/Archive/Reader/Gzip.php</filename>
		<filename>libraries/Archive/Reader/Memory.php</filename>
		<filename>libraries/Archive/Reader/MimeList.php</filename>
		<filename>libraries/Archive/Reader/Multi.php</filename>
		<filename>libraries/Archive/Reader/Relay.php</filename>
		<filename>libraries/Archive/Reader/Select.php</filename>
		<filename>libraries/Archive/Reader/Tar.php</filename>
		<filename>libraries/Archive/Reader/Uncompress.php</filename>
		<filename>libraries/Archive/Reader/Zip.php</filename>
		<filename>libraries/Archive/Reader/index.html</filename>
		<filename>libraries/Archive/Writer.php</filename>
		<filename>libraries/Archive/Writer/AddBaseName.php</filename>
		<filename>libraries/Archive/Writer/Ar.php</filename>
		<filename>libraries/Archive/Writer/Archive.php</filename>
		<filename>libraries/Archive/Writer/Bzip2.php</filename>
		<filename>libraries/Archive/Writer/Files.php</filename>
		<filename>libraries/Archive/Writer/Gzip.php</filename>
		<filename>libraries/Archive/Writer/Mail.php</filename>
		<filename>libraries/Archive/Writer/Memory.php</filename>
		<filename>libraries/Archive/Writer/MemoryArchive.php</filename>
		<filename>libraries/Archive/Writer/Multi.php</filename>
		<filename>libraries/Archive/Writer/Output.php</filename>
		<filename>libraries/Archive/Writer/Tar.php</filename>
		<filename>libraries/Archive/Writer/UniqueAppender.php</filename>
		<filename>libraries/Archive/Writer/Zip.php</filename>
		<filename>libraries/Archive/Writer/index.html</filename>
		<filename>libraries/Archive/index.html</filename>
		<filename>libraries/compat.php41x.php</filename>
		<filename>libraries/compat.php42x.php</filename>
		<filename>libraries/compat.php50x.php</filename>
		<filename>libraries/FTP.php</filename>
		<filename>libraries/FTP/Observer.php</filename>
		<filename>libraries/FTP/Socket.php</filename>
		<filename>libraries/FTP/index.html</filename>
		<filename>libraries/File_Operations.php</filename>
		<filename>libraries/geshi/geshi.php</filename>
		<filename>libraries/geshi/index.html</filename>
		<filename>libraries/geshi/geshi/css.php</filename>
		<filename>libraries/geshi/geshi/html4strict.php</filename>
		<filename>libraries/geshi/geshi/ini.php</filename>
		<filename>libraries/geshi/geshi/javascript.php</filename>
		<filename>libraries/geshi/geshi/mysql.php</filename>
		<filename>libraries/geshi/geshi/php.php</filename>
		<filename>libraries/geshi/geshi/php-brief.php</filename>
		<filename>libraries/geshi/geshi/sql.php</filename>
		<filename>libraries/geshi/geshi/xml.php</filename>
		<filename>libraries/geshi/geshi/index.html</filename>
		<filename>libraries/inputfilter.php</filename>
		<filename>libraries/JSON.php</filename>
		<filename>libraries/MIME/Parameter.php</filename>
		<filename>libraries/MIME/Type.php</filename>
		<filename>libraries/MIME/index.html</filename>
		<filename>libraries/PEAR.php</filename>
		<filename>libraries/standalone.php</filename>
		<filename>libraries/Tar.php</filename>
		<filename>libraries/index.html</filename>
		<filename>libraries/lib_zip.php</filename>
		<filename>scripts.zip</filename>
		<filename>style/index.html</filename>
		<filename>style/opacity.js</filename>
		<filename>style/style.css</filename>
		<filename>style/tablebg.gif</filename>
        </files>
    </administration>
</install>
